,date,symbol
0,2025-01-09,TCS
1,2025-01-09,TATAELXSI
2,2025-01-10,CESC
3,2025-01-11,DMART
4,2025-01-13,HCLTECH
5,2025-01-13,ANGELONE
6,2025-01-14,HDFCAMC
7,2025-01-15,PVRINOX
8,2025-01-15,LTTS
9,2025-01-15,OFSS
10,2025-01-15,HDFCLIFE
11,2025-01-16,AXISBANK
12,2025-01-16,LTIM
13,2025-01-16,INFY
14,2025-01-16,RELIANCE
15,2025-01-16,HAVELLS
16,2025-01-17,INDHOTEL
17,2025-01-17,JSL
18,2025-01-17,SBILIFE
19,2025-01-17,ICICIGI
20,2025-01-17,TATACHEM
21,2025-01-17,JIOFIN
22,2025-01-17,WIPRO
23,2025-01-17,TECHM
24,2025-01-18,KOTAKBANK
25,2025-01-18,RBLBANK
26,2025-01-18,TATACONSUM
27,2025-01-18,CANFINHOME
28,2025-01-20,IRFC
29,2025-01-20,DIXON
30,2025-01-20,LTF
31,2025-01-20,MCX
32,2025-01-20,ZOMATO
33,2025-01-20,OBEROIRLTY
34,2025-01-20,PAYTM
35,2025-01-20,SUPREMEIND
36,2025-01-20,APLAPOLLO
37,2025-01-21,INDIAMART
38,2025-01-21,KEI
39,2025-01-21,UNIONBANK
40,2025-01-21,ICICIPRULI
41,2025-01-21,CUB
42,2025-01-21,DALBHARAT
43,2025-01-21,HFCL
44,2025-01-21,CGPOWER
45,2025-01-22,HUDCO
46,2025-01-22,PIDILITIND
47,2025-01-22,POLYCAB
48,2025-01-22,ADANIENSOL
49,2025-01-22,HINDUNILVR
50,2025-01-22,VBL
51,2025-01-22,HDFCBANK
52,2025-01-22,TATACOMM
53,2025-01-22,SRF
54,2025-01-22,BPCL
55,2025-01-22,PERSISTENT
56,2025-01-22,COFORGE
57,2025-01-23,HINDPETRO
58,2025-01-23,UNITDSPR
59,2025-01-23,LALPATHLAB
60,2025-01-23,SYNGENE
61,2025-01-23,DRREDDY
62,2025-01-23,ADANIGREEN
63,2025-01-23,GODREJPROP
64,2025-01-23,MPHASIS
65,2025-01-23,PEL
66,2025-01-23,BSOFT
67,2025-01-23,CYIENT
68,2025-01-23,INDUSTOWER
69,2025-01-23,SONACOMS
70,2025-01-23,ULTRACEMCO
71,2025-01-23,IEX
72,2025-01-24,LAURUSLABS
73,2025-01-24,ITC
74,2025-01-24,NTPC
75,2025-01-24,JSWENERGY
76,2025-01-24,ACC
77,2025-01-24,AUBANK
78,2025-01-24,GRANULES
79,2025-01-24,GMRAIRPORT
80,2025-01-24,ATUL
81,2025-01-24,GODREJCP
82,2025-01-24,JSWSTEEL
83,2025-01-24,ATGL
84,2025-01-24,MGL
85,2025-01-24,INDUSINDBK
86,2025-01-24,COLPAL
87,2025-01-24,COROMANDEL
88,2025-01-24,TORNTPHARM
89,2025-01-25,BANDHANBNK
90,2025-01-25,YESBANK
91,2025-01-25,IDFCFIRSTB
92,2025-01-25,JKCEMENT
93,2025-01-25,INDIGO
94,2025-01-25,BANKBARODA
95,2025-01-25,ICICIBANK
96,2025-01-25,BALKRISIND
97,2025-01-25,LODHA
98,2025-01-25,DLF
99,2025-01-25,SHRIRAMFIN
100,2025-01-26,RECLTD
101,2025-01-26,CDSL
102,2025-01-27,COALINDIA
103,2025-01-27,PETRONET
104,2025-01-28,BAJAJ-AUTO
105,2025-01-28,IGL
106,2025-01-28,FEDERALBNK
107,2025-01-28,CIPLA
108,2025-01-28,M&MFIN
109,2025-01-28,IOC
110,2025-01-28,AMBUJACEM
111,2025-01-28,LICHSGFIN
112,2025-01-28,PNB
113,2025-01-28,EXIDEIND
114,2025-01-28,TVSMOTOR
115,2025-01-28,BHARTIARTL
116,2025-01-28,INDIANB
117,2025-01-28,SUNPHARMA
118,2025-01-28,BOSCHLTD
119,2025-01-28,BHEL
120,2025-01-29,TATAMOTORS
121,2025-01-29,MARUTI
122,2025-01-29,VOLTAS
123,2025-01-29,BAJFINANCE
124,2025-01-29,ADANIPORTS
125,2025-01-29,CANBK
126,2025-01-29,ADANIENT
127,2025-01-29,PRESTIGE
128,2025-01-29,SBICARD
129,2025-01-29,CAMS
130,2025-01-29,KPITTECH
131,2025-01-30,BEL
132,2025-01-30,CONCOR
133,2025-01-30,KALYANKJIL
134,2025-01-30,NAVINFLUOR
135,2025-01-30,SHREECEM
136,2025-01-30,LT
137,2025-01-30,IRB
138,2025-01-30,BIOCON
139,2025-01-30,BAJAJFINSV
140,2025-01-30,DABUR
141,2025-01-31,NESTLEIND
142,2025-01-31,ONGC
143,2025-01-31,POONAWALLA
144,2025-01-31,MARICO
145,2025-01-31,CHOLAFIN
146,2025-02-03,ABCAPITAL
147,2025-02-04,TITAN
148,2025-02-04,TATAPOWER
149,2025-02-04,IRCTC
150,2025-02-04,TIINDIA
151,2025-02-04,ASIANPAINT
152,2025-02-04,MFSL
153,2025-02-05,CUMMINSIND
154,2025-02-05,MAXHEALTH
155,2025-02-05,GAIL
156,2025-02-05,MANAPPURAM
157,2025-02-05,POLICYBZR
158,2025-02-05,OIL
159,2025-02-05,SJVN
160,2025-02-05,PAGEIND
161,2025-02-06,CHAMBLFERT
162,2025-02-06,APOLLOHOSP
163,2025-02-06,POWERGRID
164,2025-02-06,GUJGASLTD
165,2025-02-06,JINDALSTEL
166,2025-02-06,TATASTEEL
167,2025-02-07,ABBOTINDIA
168,2025-02-07,NCC
169,2025-02-07,NHPC
170,2025-02-07,LUPIN
171,2025-02-07,M&M
172,2025-02-07,SAIL
173,2025-02-07,TRENT
174,2025-02-07,ABFRL
175,2025-02-07,ASTRAL
176,2025-02-08,ASHOKLEY
177,2025-02-08,LICI
178,2025-02-08,PFC
179,2025-02-08,NAUKRI
180,2025-02-08,AARTIIND
181,2025-02-08,VEDL
182,2025-02-08,METROPOLIS
183,2025-02-08,MRF
184,2025-02-08,SBIN
185,2025-02-09,AUROPHARMA
186,2025-02-09,DIVISLAB
187,2025-02-10,BATAINDIA
188,2025-02-10,ESCORTS
189,2025-02-11,BRITANNIA
190,2025-02-11,JUBLFOOD
191,2025-02-11,UPL
192,2025-02-11,RAMCOCEM
193,2025-02-11,BERGEPAINT
194,2025-02-11,BANKINDIA
195,2025-02-11,HINDCOPPER
196,2025-02-11,NMDC
197,2025-02-12,BSE
198,2025-02-12,MOTHERSON
199,2025-02-12,ZYDUSLIFE
200,2025-02-12,NYKAA
201,2025-02-13,NATIONALUM
202,2025-02-13,IDEA
203,2025-02-13,EICHERMOT
204,2025-02-13,APOLLOTYRE
205,2025-02-13,UBL
206,2025-02-13,HINDALCO
207,2025-02-13,GNFC
208,2025-02-13,PIIND
209,2025-02-13,DEEPAKNTR
210,2025-02-13,ALKEM
211,2025-02-13,SUNTV
212,2025-02-14,HAL
213,2025-02-14,HEROMOTOCO
214,2025-02-14,CROMPTON
215,2025-02-14,GRASIM
216,2025-02-14,MUTHOOTFIN
217,2025-02-14,GLENMARK
218,2025-02-14,IPCALAB
219,2025-02-14,BHARATFORG
220,2025-02-14,DELHIVERY
221,2025-02-17,ABB
222,2025-02-26,SIEMENS
